Workbook

Sheet 條文總表
A1: 篇 | B1: 章 | C1: 條號 | D1: 條文名稱 | E1: 條文類別 | F1: 評量項目 | G1: 負責單位 | H1: 聯絡人 | I1: 佐證資料 | J1: 自評等級 | K1: 進度 | L1: 預計完成日 | M1: 委員建議事項 | N1: 待改善事項 | O1: 更新日期

Sheet 單位清單
A1: 負責單位 | C1: 可直接在 A 欄新增或修改單位名稱，條文總表的下拉選單會同步更新。
A2: 品管中心
A3: 護理部
A4: 感染管制室
A5: 藥劑部
A6: 醫務企劃室
A7: 人力資源室
A8: 資訊室
A9: 醫務行政室
A10: 總務室
A11: 社會工作室

Sheet 進度統計
A1: 負責單位 | B1: 條文數 | C1: 未開始 | D1: 進行中 | E1: 已完成 | F1: 需協助 | G1: 完成率 | H1: 待改善 | I1: 期程差異
A2: =單位清單!A2 | B2: =COUNTIF(條文總表!$G$2:$G$302,A2) | C2: =COUNTIFS(條文總表!$G$2:$G$302,$A2,條文總表!$K$2:$K$302,"未開始") | D2: =COUNTIFS(條文總表!$G$2:$G$302,$A2,條文總表!$K$2:$K$302,"進行中") | E2: =COUNTIFS(條文總表!$G$2:$G$302,$A2,條文總表!$K$2:$K$302,"已完成") | F2: =COUNTIFS(條文總表!$G$2:$G$302,$A2,條文總表!$K$2:$K$302,"需協助") | G2: =IF(B2=0,"",E2/B2) | H2: =COUNTIFS(條文總表!$G$2:$G$302,$A2,條文總表!$J$2:$J$302,"待改善") | I2: =COUNTIFS(條文總表!$G$2:$G$302,$A2,條文總表!$L$2:$L$302,"<"&TODAY(),條文總表!$K$2:$K$302,"<>已完成")
A3: =單位清單!A3 | B3: =COUNTIF(條文總表!$G$2:$G$302,A3) | C3: =COUNTIFS(條文總表!$G$2:$G$302,$A3,條文總表!$K$2:$K$302,"未開始") | D3: =COUNTIFS(條文總表!$G$2:$G$302,$A3,條文總表!$K$2:$K$302,"進行中") | E3: =COUNTIFS(條文總表!$G$2:$G$302,$A3,條文總表!$K$2:$K$302,"已完成") | F3: =COUNTIFS(條文總表!$G$2:$G$302,$A3,條文總表!$K$2:$K$302,"需協助") | G3: =IF(B3=0,"",E3/B3) | H3: =COUNTIFS(條文總表!$G$2:$G$302,$A3,條文總表!$J$2:$J$302,"待改善") | I3: =COUNTIFS(條文總表!$G$2:$G$302,$A3,條文總表!$L$2:$L$302,"<"&TODAY(),條文總表!$K$2:$K$302,"<>已完成")
A4: =單位清單!A4 | B4: =COUNTIF(條文總表!$G$2:$G$302,A4) | C4: =COUNTIFS(條文總表!$G$2:$G$302,$A4,條文總表!$K$2:$K$302,"未開始") | D4: =COUNTIFS(條文總表!$G$2:$G$302,$A4,條文總表!$K$2:$K$302,"進行中") | E4: =COUNTIFS(條文總表!$G$2:$G$302,$A4,條文總表!$K$2:$K$302,"已完成") | F4: =COUNTIFS(條文總表!$G$2:$G$302,$A4,條文總表!$K$2:$K$302,"需協助") | G4: =IF(B4=0,"",E4/B4) | H4: =COUNTIFS(條文總表!$G$2:$G$302,$A4,條文總表!$J$2:$J$302,"待改善") | I4: =COUNTIFS(條文總表!$G$2:$G$302,$A4,條文總表!$L$2:$L$302,"<"&TODAY(),條文總表!$K$2:$K$302,"<>已完成")
A5: =單位清單!A5 | B5: =COUNTIF(條文總表!$G$2:$G$302,A5) | C5: =COUNTIFS(條文總表!$G$2:$G$302,$A5,條文總表!$K$2:$K$302,"未開始") | D5: =COUNTIFS(條文總表!$G$2:$G$302,$A5,條文總表!$K$2:$K$302,"進行中") | E5: =COUNTIFS(條文總表!$G$2:$G$302,$A5,條文總表!$K$2:$K$302,"已完成") | F5: =COUNTIFS(條文總表!$G$2:$G$302,$A5,條文總表!$K$2:$K$302,"需協助") | G5: =IF(B5=0,"",E5/B5) | H5: =COUNTIFS(條文總表!$G$2:$G$302,$A5,條文總表!$J$2:$J$302,"待改善") | I5: =COUNTIFS(條文總表!$G$2:$G$302,$A5,條文總表!$L$2:$L$302,"<"&TODAY(),條文總表!$K$2:$K$302,"<>已完成")
A6: =單位清單!A6 | B6: =COUNTIF(條文總表!$G$2:$G$302,A6) | C6: =COUNTIFS(條文總表!$G$2:$G$302,$A6,條文總表!$K$2:$K$302,"未開始") | D6: =COUNTIFS(條文總表!$G$2:$G$302,$A6,條文總表!$K$2:$K$302,"進行中") | E6: =COUNTIFS(條文總表!$G$2:$G$302,$A6,條文總表!$K$2:$K$302,"已完成") | F6: =COUNTIFS(條文總表!$G$2:$G$302,$A6,條文總表!$K$2:$K$302,"需協助") | G6: =IF(B6=0,"",E6/B6) | H6: =COUNTIFS(條文總表!$G$2:$G$302,$A6,條文總表!$J$2:$J$302,"待改善") | I6: =COUNTIFS(條文總表!$G$2:$G$302,$A6,條文總表!$L$2:$L$302,"<"&TODAY(),條文總表!$K$2:$K$302,"<>已完成")
A7: =單位清單!A7 | B7: =COUNTIF(條文總表!$G$2:$G$302,A7) | C7: =COUNTIFS(條文總表!$G$2:$G$302,$A7,條文總表!$K$2:$K$302,"未開始") | D7: =COUNTIFS(條文總表!$G$2:$G$302,$A7,條文總表!$K$2:$K$302,"進行中") | E7: =COUNTIFS(條文總表!$G$2:$G$302,$A7,條文總表!$K$2:$K$302,"已完成") | F7: =COUNTIFS(條文總表!$G$2:$G$302,$A7,條文總表!$K$2:$K$302,"需協助") | G7: =IF(B7=0,"",E7/B7) | H7: =COUNTIFS(條文總表!$G$2:$G$302,$A7,條文總表!$J$2:$J$302,"待改善") | I7: =COUNTIFS(條文總表!$G$2:$G$302,$A7,條文總表!$L$2:$L$302,"<"&TODAY(),條文總表!$K$2:$K$302,"<>已完成")
A8: =單位清單!A8 | B8: =COUNTIF(條文總表!$G$2:$G$302,A8) | C8: =COUNTIFS(條文總表!$G$2:$G$302,$A8,條文總表!$K$2:$K$302,"未開始") | D8: =COUNTIFS(條文總表!$G$2:$G$302,$A8,條文總表!$K$2:$K$302,"進行中") | E8: =COUNTIFS(條文總表!$G$2:$G$302,$A8,條文總表!$K$2:$K$302,"已完成") | F8: =COUNTIFS(條文總表!$G$2:$G$302,$A8,條文總表!$K$2:$K$302,"需協助") | G8: =IF(B8=0,"",E8/B8) | H8: =COUNTIFS(條文總表!$G$2:$G$302,$A8,條文總表!$J$2:$J$302,"待改善") | I8: =COUNTIFS(條文總表!$G$2:$G$302,$A8,條文總表!$L$2:$L$302,"<"&TODAY(),條文總表!$K$2:$K$302,"<>已完成")
A9: =單位清單!A9 | B9: =COUNTIF(條文總表!$G$2:$G$302,A9) | C9: =COUNTIFS(條文總表!$G$2:$G$302,$A9,條文總表!$K$2:$K$302,"未開始") | D9: =COUNTIFS(條文總表!$G$2:$G$302,$A9,條文總表!$K$2:$K$302,"進行中") | E9: =COUNTIFS(條文總表!$G$2:$G$302,$A9,條文總表!$K$2:$K$302,"已完成") | F9: =COUNTIFS(條文總表!$G$2:$G$302,$A9,條文總表!$K$2:$K$302,"需協助") | G9: =IF(B9=0,"",E9/B9) | H9: =COUNTIFS(條文總表!$G$2:$G$302,$A9,條文總表!$J$2:$J$302,"待改善") | I9: =COUNTIFS(條文總表!$G$2:$G$302,$A9,條文總表!$L$2:$L$302,"<"&TODAY(),條文總表!$K$2:$K$302,"<>已完成")
A10: =單位清單!A10 | B10: =COUNTIF(條文總表!$G$2:$G$302,A10) | C10: =COUNTIFS(條文總表!$G$2:$G$302,$A10,條文總表!$K$2:$K$302,"未開始") | D10: =COUNTIFS(條文總表!$G$2:$G$302,$A10,條文總表!$K$2:$K$302,"進行中") | E10: =COUNTIFS(條文總表!$G$2:$G$302,$A10,條文總表!$K$2:$K$302,"已完成") | F10: =COUNTIFS(條文總表!$G$2:$G$302,$A10,條文總表!$K$2:$K$302,"需協助") | G10: =IF(B10=0,"",E10/B10) | H10: =COUNTIFS(條文總表!$G$2:$G$302,$A10,條文總表!$J$2:$J$302,"待改善") | I10: =COUNTIFS(條文總表!$G$2:$G$302,$A10,條文總表!$L$2:$L$302,"<"&TODAY(),條文總表!$K$2:$K$302,"<>已完成")
A11: =單位清單!A11 | B11: =COUNTIF(條文總表!$G$2:$G$302,A11) | C11: =COUNTIFS(條文總表!$G$2:$G$302,$A11,條文總表!$K$2:$K$302,"未開始") | D11: =COUNTIFS(條文總表!$G$2:$G$302,$A11,條文總表!$K$2:$K$302,"進行中") | E11: =COUNTIFS(條文總表!$G$2:$G$302,$A11,條文總表!$K$2:$K$302,"已完成") | F11: =COUNTIFS(條文總表!$G$2:$G$302,$A11,條文總表!$K$2:$K$302,"需協助") | G11: =IF(B11=0,"",E11/B11) | H11: =COUNTIFS(條文總表!$G$2:$G$302,$A11,條文總表!$J$2:$J$302,"待改善") | I11: =COUNTIFS(條文總表!$G$2:$G$302,$A11,條文總表!$L$2:$L$302,"<"&TODAY(),條文總表!$K$2:$K$302,"<>已完成")
A12: 全院合計 | B12: =COUNTA(條文總表!$C$2:$C$302) | C12: =COUNTIF(條文總表!$K$2:$K$302,"未開始") | D12: =COUNTIF(條文總表!$K$2:$K$302,"進行中") | E12: =COUNTIF(條文總表!$K$2:$K$302,"已完成") | F12: =COUNTIF(條文總表!$K$2:$K$302,"需協助") | G12: =IF(B12=0,"",E12/B12) | H12: =COUNTIF(條文總表!$J$2:$J$302,"待改善") | I12: =COUNTIFS(條文總表!$L$2:$L$302,"<"&TODAY(),條文總表!$K$2:$K$302,"<>已完成")
A13: 尚未指派單位 | B13: =COUNTIFS(條文總表!$C$2:$C$302,"<>",條文總表!$G$2:$G$302,"")
A15: 期程差異：預計完成日已過、進度尚未標示為已完成的條數。
